1,"ДУЖЕ потрібне форматування тексту - і бажано, щоб текск, який вставляю - зберігав всі абзаци, галочки, акценти і т.д.",,"Тут пройшлась по ТЗ - і те, чого або немає, або ще не знайшла"
2,"у Статтях - менші фото, А сам текст як і в товарі майже на всю сторінку треба. Зараз він вузький по центру Те саме і в розділі Новини",,відгуки в товарі - по цьому товару
3,2 артикула,,Онлайн-консультант
4,"не принципово, але якщо є можливість, то чи може в адмінці відображатись фотографія? не просто посилання, а саме фото. А то навіть вистроїти по порядку - не розумієш, яке фото ""ховається"" де",,Таймер акцій
5,"чи можна додати розділ FAQ-блок? на сторінки Товару, статей і т.д.",,Блок Про нас
6,наводиш на вкладку Усі товари - випадаюче меню має бути,,Мобільна версія сайту
7,в адмінці є кнопка Дивитись на сайті - чи може сайт відкриватись у новій вкладці? а не виходити з адмінки і переходити на сайт в тій же вкладці,,
8,чи можна додавати\перейменовувати Бейдж?,,"Мови укр (основна) рос, англ - з можливістю відключати в кабінеті"
9,як змінювати колір сайту,,"Шапка сайту - на зараз є Групи товару - а потрібно Випадаюче меню + Блоки як на скріні, що кріпила"
10,чи можна додавати фото до товару не по одному а оптом)?,,Експорт-імпорт товару
11,в замовленні немає фото,,Банери?
12,мова тільки українська? ,,"Коли натискаєш наприклад Умови оплати та доставки - поверх сайту ""заставка"" зявляється"
13,фото на сайті тільки перелистуються? на них не можна нажати і збільшити,,
14,"опис групи має бути повністю зверху і відкритим, БЕЗ розгортувань",,"Коли опускаєшся нижче основного фото, збоку від опису зявляється заставка товару з основної інформацією"
15,Нова пошта ще не підключена? оплати,,Нижче блок: Вам може сподобатись
16,де додаються банери,,Потім блок: Ви переглядали
17,де відображається короткий опис товару? ,,Відображалась Знижка + Таймер (ЗНИЖКА Є НЕМАЄ ТАЙМЕРА)
18,де змінюються розміри фото?,,Блок: як на фото (Це закладка Сторінка товару) там є скрін
19,"як дізнатися розміри фото, щоб генерувати відповідні, наприклад, заставки до Статей",,шапка з заголовками зберігалась в кожному товарі
20,"не розумію, як зробити ""читабельним"" логотип. Як додала назву з лого - то їх взагалі не видно - дуже маленькі. Мало місця",,налаштувати рекламу ГуглАдс
21,https://bookshop-rtmb.onrender.com/blog/articles/   В групах під фото не потрібен опис,,
22,Соцмережі - як додати посилання на ютуб-канал,,
23,,,
24,В самому низу банер - де його в адмінці додати? Фото-приклад є в закладці Сторінка товару,,
25,Де в адмінці додати Умови оплати і доставки? Доставка і оплата? Про компанію? вони прописані в підвалі сайту - а де це в адмінці?,,
26,Кошик складно подивитись - там ТАКЕ ВЕЛИКЕ ФОТО в корзині. Єдине що побачила - не знайшла вабір Зареєстрований чи НІ клієнт.,,
27,Почала писати про Кошик - Згадала - Порадьте - щось не задумувалась і це не прописувала в ТЗ -Кабінет покупця - він має бути? він потрібен?,,
28,"https://bookshop-rtmb.onrender.com/catalog/knigi/ - тут фото потрібні трішки більші (ці фото де групи Біблія, Коран) фото невеликі, а візуально якось не поміщаються в кадр",,
29,Дуже багато вільного поля між назвою товару і наявністю,,
30,"Де в адмінці можна ""керувати"" підвалом сайту? додавати чи видаляти блоки?",,
31,Немає таймера акції,,
32,В товарі є Характеристика Стан - новий - як її убрати повністю? ,,
,В замовленні в адмінці не відображається Фото замовленого товару,,